avg_key_hold_time,std_key_hold_time,avg_inter_key_delay,typing_speed_keys_per_min,backspace_ratio,pause_count,avg_pause_duration
149.5615766945892,501.6339071018797,1.0004812623366803,59.99009835799834,0.06763590391908976,208,11.99015553524861
